NRO_CLIENTE,SALDO_AHORRO,MONTO,FECHA
100000,2981.622604688019,19.094463792160347,2026-Abr-15
100001,2896.379341726555,87.49340486227355,2026-Abr-15
100002,2472.904370737655,143.9565592300332,2026-Abr-15
100003,2794.8970332809345,53.105398102983884,2026-Abr-15
100004,2509.7740998559734,161.1045385114723,2026-Abr-15
100005,2870.7361937631304,129.84814928993706,2026-Abr-15
100006,3605.979177643531,121.63673670846168,2026-Abr-15
100007,637.1781525768547,77.17428229882405,2026-Abr-15
100008,3773.1661855302164,101.66577937241235,2026-Abr-15
100009,765.8421356252115,123.4963671857921,2026-Abr-15
100010,426.47719221083605,99.76780164382919,2026-Abr-15
100011,4882.790462485191,142.67953154870642,2026-Abr-15
100012,4789.259667465163,92.40241729032232,2026-Abr-15
100013,396.1390702087639,48.43190453098577,2026-Abr-15
100014,2271.9418632273146,50.64741873219898,2026-Abr-15
100015,1012.6001976688962,11.102716080158807,2026-Abr-15
100016,2478.1899959586485,67.18196595614776,2026-Abr-15
100017,4167.868490697978,152.29435169091872,2026-Abr-15
100018,4757.997696240162,160.89091467914582,2026-Abr-15
100019,3207.838001912533,48.468832998192504,2026-Abr-15
100020,1834.1377693379036,192.21835940556747,2026-Abr-15
100021,3056.295271658532,105.45653076122407,2026-Abr-15
100022,1628.8063999314068,184.2259623135155,2026-Abr-15
100023,4558.135840077096,144.28540355370993,2026-Abr-15
100024,4364.962269218601,147.2623503742585,2026-Abr-15
100025,2835.335576370339,26.158288048153516,2026-Abr-15
100026,1691.5146853637666,51.798314110416825,2026-Abr-15
100027,1537.6094103565938,11.6748183259498,2026-Abr-15
100028,263.7481740547913,146.06425169058014,2026-Abr-15
100029,4097.522170023947,75.44327480141689,2026-Abr-15
100030,2306.877743891139,159.4639780545059,2026-Abr-15
100031,1693.1513491612957,74.397881788035,2026-Abr-15
100032,2408.440739488994,165.6734129367836,2026-Abr-15
100033,4111.816153227795,34.83266821217947,2026-Abr-15
100034,710.6096177668538,42.940899783926554,2026-Abr-15
100035,4302.514342384954,74.76654252094794,2026-Abr-15
100036,4497.793292030935,87.61260388763193,2026-Abr-15
100037,4738.868783666052,76.25353406016589,2026-Abr-15
100038,2047.691162870876,155.09293617941177,2026-Abr-15
100039,1163.9879797845922,28.420764599075795,2026-Abr-15
100040,1930.8400104868226,76.73123373131273,2026-Abr-15
100041,1731.269271533876,169.0755999079373,2026-Abr-15
100042,963.1541712640143,22.691444679812676,2026-Abr-15
100043,3075.6066834972908,189.04526645755791,2026-Abr-15
100044,2435.4583864922815,197.40020003168246,2026-Abr-15
100045,4341.934862387618,26.827953026765215,2026-Abr-15
100046,257.33694436208543,65.34177922859001,2026-Abr-15
100047,3254.952845020119,80.75612654671767,2026-Abr-15
100048,3838.4495047066493,157.51436004401796,2026-Abr-15
100049,3821.4841890227044,123.22609430217942,2026-Abr-15
100050,4441.762438768073,132.4294830935878,2026-Abr-15
100051,3672.265339864521,153.92686633551614,2026-Abr-15
100052,4646.2693020737115,32.41600989303488,2026-Abr-15
100053,1730.0173391223682,168.30979681294986,2026-Abr-15
100054,2565.726142082561,144.06776279422738,2026-Abr-15
100055,168.9903500861643,119.69492778731035,2026-Abr-15
100056,134.09217778612694,179.04971360878076,2026-Abr-15
100057,1276.6204402124474,143.05820723792334,2026-Abr-15
100058,593.9552659815178,48.32299289989483,2026-Abr-15
100059,1375.0357028851927,91.65162240437668,2026-Abr-15
100060,967.5121431891473,103.86814471778932,2026-Abr-15
100061,239.74812170937636,20.491349082577074,2026-Abr-15
100062,4555.590317389642,191.3811275384106,2026-Abr-15
100063,140.29334380556847,34.429679551406906,2026-Abr-15
100064,3706.8025072517185,142.5176407730781,2026-Abr-15
100065,845.524645905631,106.18389685726723,2026-Abr-15
100066,4569.92514779804,14.870127478040292,2026-Abr-15
100067,4474.700103990441,185.7020204142287,2026-Abr-15
100068,3304.115617209361,171.8489936755973,2026-Abr-15
100069,3393.947334022965,109.60900630172875,2026-Abr-15
100070,126.16179565147387,53.499043866494596,2026-Abr-15
100071,4925.87067395665,33.10834922921791,2026-Abr-15
100072,4401.37975752149,79.04457109210405,2026-Abr-15
100073,4486.020506077451,58.5313733987572,2026-Abr-15
100074,3330.2982315492727,106.27132819119676,2026-Abr-15
100075,1789.455950407229,193.6177662634515,2026-Abr-15
100076,4478.878380543356,119.24116371363186,2026-Abr-15
100077,1528.4329479408425,179.0869006191186,2026-Abr-15
100078,2857.286562376794,133.66697912419767,2026-Abr-15
100079,588.6817644850237,100.29684005156808,2026-Abr-15
100080,4617.582587650476,172.37543691934053,2026-Abr-15
100081,789.7752430789453,99.55994093286952,2026-Abr-15
100082,1201.9943480789957,175.03935239696858,2026-Abr-15
100083,2834.8573748282533,65.3995862193954,2026-Abr-15
100084,3844.0557010436096,34.47448401496774,2026-Abr-15
100085,3134.821399087865,172.50974822895827,2026-Abr-15
100086,1237.4561727207652,121.60888112060668,2026-Abr-15
100087,104.62090838470263,178.9275556673024,2026-Abr-15
100088,3810.037843506452,188.1871693285528,2026-Abr-15
100089,4927.515896964359,20.189394170575344,2026-Abr-15
100090,4068.574289499843,105.18416735318499,2026-Abr-15
100091,2355.012428967415,81.24326432416056,2026-Abr-15
100092,4528.459580855622,128.91309544332228,2026-Abr-15
100093,2108.2535982799154,160.78232746844148,2026-Abr-15
100094,2672.177012792991,63.312141035130104,2026-Abr-15
100095,2437.935860238848,115.79169303090261,2026-Abr-15
100096,2293.356976061072,144.65843018193092,2026-Abr-15
100097,3898.434769540138,35.54190573878947,2026-Abr-15
100098,2681.167645620511,164.6727121307407,2026-Abr-15
100099,1651.9138979235588,125.16082397206489,2026-Abr-15
100100,1364.9750215265437,190.41211305159385,2026-Abr-15
100101,284.9618531404236,74.51049463483172,2026-Abr-15
100102,2957.6562932269253,30.547729044067744,2026-Abr-15
100103,1226.8109354650676,106.23522819701581,2026-Abr-15
100104,825.8562178802772,26.304046624793383,2026-Abr-15
100105,3303.7668227556205,194.21003943156128,2026-Abr-15
100106,3437.9253633255894,17.35014206886639,2026-Abr-15
100107,3785.558972062563,153.16574121038852,2026-Abr-15
100108,2567.526792059098,109.76945564702636,2026-Abr-15
100109,4480.867565499044,80.03792397467485,2026-Abr-15
100110,4688.079491651316,22.510011256644383,2026-Abr-15
100111,4056.1176049831984,128.21171559298546,2026-Abr-15
100112,3214.408061840117,121.1918625842815,2026-Abr-15
100113,1588.2326725968244,63.367821882843955,2026-Abr-15
100114,4916.430115939083,182.9421232679593,2026-Abr-15
100115,1443.267219240498,67.78090139513901,2026-Abr-15
100116,1093.0189177531122,95.44782801250017,2026-Abr-15
100117,2266.5551575542554,113.31486662454458,2026-Abr-15
100118,378.51879649070344,29.044056853494357,2026-Abr-15
100119,4894.6228768917745,187.11072665059015,2026-Abr-15
100120,2983.3244264404816,81.1618689656978,2026-Abr-15
100121,2829.065249154459,25.348050636125286,2026-Abr-15
100122,3313.4017715086275,83.58532299831269,2026-Abr-15
100123,2535.4158741083124,124.03848394759034,2026-Abr-15
100124,257.1112337632537,107.59400764605262,2026-Abr-15
100125,3100.325315317944,141.96297506708206,2026-Abr-15
100126,3609.25199708651,20.54194899290302,2026-Abr-15
100127,2142.0703970578606,64.06271595169066,2026-Abr-15
100128,3810.7483031488455,165.65380959961942,2026-Abr-15
100129,1212.306366758261,25.17980068035856,2026-Abr-15
100130,1184.2552962243017,172.54233139223194,2026-Abr-15
100131,890.9432396691124,27.460257494650186,2026-Abr-15
100132,1922.7743229668931,168.54630082942228,2026-Abr-15
100133,4250.358973406509,78.54979620495807,2026-Abr-15
100134,4156.769104530415,126.319722018871,2026-Abr-15
100135,1975.8386190211686,39.04855197311966,2026-Abr-15
100136,2986.681806303159,22.572057127784362,2026-Abr-15
100137,3631.9999507270863,51.02825876382567,2026-Abr-15
100138,1281.9131956773126,34.29222540265215,2026-Abr-15
100139,923.8913208842607,69.35712055913004,2026-Abr-15
100140,4863.270366740324,107.73281683709384,2026-Abr-15
100141,3126.0308347271307,121.8642980773518,2026-Abr-15
100142,4908.937036984953,160.07494040215116,2026-Abr-15
100143,1755.0043369479226,134.68557971718815,2026-Abr-15
100144,3544.8553298732445,125.66408177461507,2026-Abr-15
100145,1190.7578190520649,88.23858522229717,2026-Abr-15
100146,1379.8808392421734,100.02360264242635,2026-Abr-15
100147,2608.3203942211576,88.75895758413441,2026-Abr-15
100148,1666.128814989549,170.0115457116628,2026-Abr-15
100149,921.3456628188638,53.70008598419597,2026-Abr-15
100150,1388.1154397476973,11.086976992973279,2026-Abr-15
100151,275.1671328827367,133.75078047298547,2026-Abr-15
100152,3551.675745239684,48.46781489137796,2026-Abr-15
100153,2511.371619720722,179.12187589886378,2026-Abr-15
100154,561.7910253821756,173.21880264426466,2026-Abr-15
100155,941.3005663296069,24.57820066635912,2026-Abr-15
100156,602.4192367519556,30.213797028674698,2026-Abr-15
100157,3101.7047605517946,104.0826025268666,2026-Abr-15
100158,561.6307817012196,125.75230592617739,2026-Abr-15
100159,3795.983431872559,62.23258412162574,2026-Abr-15
100160,200.50350466991677,146.1915661728804,2026-Abr-15
100161,1321.9413611798714,123.03404397458559,2026-Abr-15
100162,4464.266711870345,71.71658085222539,2026-Abr-15
100163,3620.8034587990055,14.820582728039962,2026-Abr-15
100164,457.54483133586984,152.52855344671835,2026-Abr-15
100165,4123.51791197738,50.803196506765715,2026-Abr-15
100166,2515.8720955470035,168.5500112578994,2026-Abr-15
100167,4249.236833127264,89.85514941030848,2026-Abr-15
100168,3043.624894806928,119.64471410003543,2026-Abr-15
100169,3440.981856961008,175.86025877771036,2026-Abr-15
100170,4968.15764593897,174.08837017479115,2026-Abr-15
100171,1238.444175027689,80.58871929627892,2026-Abr-15
100172,3157.333316330803,49.688889615820194,2026-Abr-15
100173,2355.574811281252,157.277754768433,2026-Abr-15
100174,293.31456932118806,92.28523868440492,2026-Abr-15
100175,170.90614336403866,46.487978776210774,2026-Abr-15
100176,684.2200313075075,181.84081504025855,2026-Abr-15
100177,3280.549528638886,47.639796905806605,2026-Abr-15
100178,2879.0991307756217,14.903361956333905,2026-Abr-15
100179,2811.8048497022646,13.853195015809794,2026-Abr-15
100180,256.0981363884744,128.2399177263102,2026-Abr-15
100181,2399.5846821640343,135.71826153633077,2026-Abr-15
100182,4630.6518074283895,69.09792396082695,2026-Abr-15
100183,2048.200159622168,70.80208795694205,2026-Abr-15
100184,3162.120101963436,74.50384386138913,2026-Abr-15
100185,3921.1115105534036,139.23012388418695,2026-Abr-15
100186,3941.2338677952494,21.04542029509743,2026-Abr-15
100187,2644.4724037368296,186.53210701135188,2026-Abr-15
100188,4303.964532471448,52.27899839371482,2026-Abr-15
100189,2017.75265748236,199.93790899599753,2026-Abr-15
100190,4454.596752445512,42.58931181956553,2026-Abr-15
100191,1277.113115338172,156.59382688935173,2026-Abr-15
100192,1473.0603942537982,52.448383536628754,2026-Abr-15
100193,360.2910585751054,25.360892312218255,2026-Abr-15
100194,3998.350999057186,176.23733162662327,2026-Abr-15
100195,2143.5706575402573,173.16273924626947,2026-Abr-15
100196,1222.6714081658554,86.67837456542426,2026-Abr-15
100197,1235.7723603212403,143.4552670826811,2026-Abr-15
100198,4516.8597120232425,115.84252720994425,2026-Abr-15
100199,4186.191342259081,172.06166159801228,2026-Abr-15
100200,2812.301338250198,69.86063417054434,2026-Abr-15
100201,3118.9429220370334,109.49775599980718,2026-Abr-15
100202,2424.195295696426,102.22075052886458,2026-Abr-15
100203,2019.1660601061635,77.24210698880316,2026-Abr-15
100204,4585.836717969824,179.37646226571073,2026-Abr-15
100205,715.5022472494802,41.51680568588174,2026-Abr-15
100206,2150.3892696095168,38.40664150893227,2026-Abr-15
100207,1788.3533491405892,119.61281171132276,2026-Abr-15
100208,2540.938529230627,134.923903697139,2026-Abr-15
100209,2342.396185271358,46.977658321667384,2026-Abr-15
100210,2642.558705090299,84.23631402837859,2026-Abr-15
100211,785.6029884122711,189.84713016596132,2026-Abr-15
100212,2614.393357415058,56.85731031122806,2026-Abr-15
100213,1287.8521880473334,136.98853340230488,2026-Abr-15
100214,1003.2236100421371,150.62838480254226,2026-Abr-15
100215,417.687672052337,95.14445289838031,2026-Abr-15
100216,3836.9975379050907,188.12993748432078,2026-Abr-15
100217,2194.465412197144,149.9647796915702,2026-Abr-15
100218,3170.554048227616,97.00567017357059,2026-Abr-15
100219,3665.207382193242,118.17368833745786,2026-Abr-15
100220,3428.651660036412,141.59655425076912,2026-Abr-15
100221,2405.4535235394433,122.51613428155146,2026-Abr-15
100222,2000.7027918634763,176.9525409269544,2026-Abr-15
100223,1942.2035572392522,77.80884583327622,2026-Abr-15
100224,3236.239104957276,66.97829061060293,2026-Abr-15
100225,2524.4923392151795,50.62938900410022,2026-Abr-15
100226,4260.748015143702,17.178763932273075,2026-Abr-15
100227,4386.039723200889,18.172653232210514,2026-Abr-15
100228,935.7458522319405,175.31048669076372,2026-Abr-15
100229,767.5448925740557,138.8946978171224,2026-Abr-15
100230,3188.9645375763976,135.50115893293236,2026-Abr-15
100231,1576.006165505169,126.78213559762835,2026-Abr-15
100232,190.99652194898442,171.35163749187993,2026-Abr-15
100233,4454.34907987848,101.25071587646922,2026-Abr-15
100234,1211.8137594946604,175.37805742607705,2026-Abr-15
100235,4653.475193260465,78.29455497462544,2026-Abr-15
100236,3615.428809303443,186.0744258244272,2026-Abr-15
100237,3837.002100566273,142.7448262154356,2026-Abr-15
100238,1087.1613293864862,58.86365584464118,2026-Abr-15
100239,1247.5526855223834,117.17613512083878,2026-Abr-15
100240,2654.211993737922,111.27580668276856,2026-Abr-15
100241,943.2892779843246,36.20077612876345,2026-Abr-15
100242,1596.615294146858,122.33615209261669,2026-Abr-15
100243,1675.1661419442419,69.80926850622201,2026-Abr-15
100244,882.186672938544,19.94626569382446,2026-Abr-15
100245,1105.3958836362876,190.24466996424732,2026-Abr-15
100246,3963.904025840457,131.88317012221466,2026-Abr-15
100247,919.259687281615,176.61459705546093,2026-Abr-15
100248,239.44122003522017,138.45064095251809,2026-Abr-15
100249,3183.8392188817984,77.82690150662145,2026-Abr-15
100250,4882.317285023005,107.41073374247416,2026-Abr-15
100251,1722.9476916532947,138.39188446596364,2026-Abr-15
100252,681.4129456616363,192.44794178827314,2026-Abr-15
100253,2894.897894300901,58.19719723312233,2026-Abr-15
100254,4541.135634368667,176.24564113858236,2026-Abr-15
100255,3941.902721159546,185.5747830059112,2026-Abr-15
100256,3150.3277552223085,137.37894778520175,2026-Abr-15
100257,1643.776833377237,186.9406592062542,2026-Abr-15
100258,2755.212849053478,85.59693162070002,2026-Abr-15
100259,547.0997223908513,191.07307344768412,2026-Abr-15
100260,3426.8325789752826,143.52874666153522,2026-Abr-15
100261,3652.9704925984893,17.981095809574263,2026-Abr-15
100262,4828.654952258602,182.30583804562002,2026-Abr-15
100263,1375.947057850851,102.0498337163066,2026-Abr-15
100264,190.43645331081095,97.46212710778823,2026-Abr-15
100265,2773.481475693038,117.62865513613052,2026-Abr-15
100266,3563.2734715443908,38.38306388653331,2026-Abr-15
100267,3972.996631826641,99.14154922780574,2026-Abr-15
100268,1049.320771821572,167.9141711763717,2026-Abr-15
100269,1382.5890582814159,12.941667236127914,2026-Abr-15
100270,2611.695533809752,61.854260461630545,2026-Abr-15
100271,1719.943968853009,10.466371424330402,2026-Abr-15
100272,4316.506284278481,88.98514873847118,2026-Abr-15
100273,2421.4247533197295,148.3799469938096,2026-Abr-15
100274,4017.9353560998147,161.76664753177943,2026-Abr-15
100275,2945.0368263635332,189.58605461413126,2026-Abr-15
100276,3888.141693923849,125.61587646444944,2026-Abr-15
100277,1730.0976339985868,58.37910466405014,2026-Abr-15
100278,4173.941447458525,185.5881103359728,2026-Abr-15
100279,1445.4043462000056,157.30999323727147,2026-Abr-15
100280,2775.8841592161248,119.14141177059746,2026-Abr-15
100281,1148.6348545519836,142.17164098659782,2026-Abr-15
100282,2430.0799559683473,185.62010745141154,2026-Abr-15
100283,1659.0585265926454,145.3548654098551,2026-Abr-15
100284,1406.8468101223498,79.99115644109946,2026-Abr-15
100285,4838.226588337384,145.47535843492838,2026-Abr-15
100286,884.3631168849801,17.652850919723697,2026-Abr-15
100287,3957.896603541237,83.41895674781044,2026-Abr-15
100288,4922.4083014677535,87.20137605066006,2026-Abr-15
100289,197.51727032638138,41.69926453995859,2026-Abr-15
100290,3525.2343288062657,14.386241304836334,2026-Abr-15
100291,1339.267847225807,35.342434961171136,2026-Abr-15
100292,298.3903392086918,134.37808420144046,2026-Abr-15
100293,2074.158936887491,162.43487510910063,2026-Abr-15
100294,4682.567269837287,197.7586636181251,2026-Abr-15
100295,157.64896239828866,75.80906559061391,2026-Abr-15
100296,2980.63989045593,123.88205222960933,2026-Abr-15
100297,2556.842745117089,188.05754369487317,2026-Abr-15
100298,4379.582405418133,41.737938454249,2026-Abr-15
100299,511.6084011510657,146.3526614051211,2026-Abr-15
100300,3439.4775464445866,153.445959298341,2026-Abr-15
100301,3432.5375223230585,26.905351815174292,2026-Abr-15
100302,3378.492082625188,173.63738318478235,2026-Abr-15
100303,4717.439025181681,164.48995895106034,2026-Abr-15
100304,4133.1288921337145,16.346571249712547,2026-Abr-15
100305,305.66635859317944,27.306038827209782,2026-Abr-15
100306,2408.3059684521145,19.33410983945194,2026-Abr-15
100307,2049.9699753865343,73.60127104187882,2026-Abr-15
100308,1619.72138334493,106.76490822918598,2026-Abr-15
100309,2311.5499532550766,111.14606831137948,2026-Abr-15
100310,1982.5515061372896,60.8566843561941,2026-Abr-15
100311,2218.4361094054602,183.2034084464521,2026-Abr-15
100312,4898.383141482348,79.96993007566351,2026-Abr-15
100313,534.3015762729458,18.654529633416978,2026-Abr-15
100314,4618.931262209776,67.0431511928634,2026-Abr-15
100315,2453.159896008031,110.91079028338955,2026-Abr-15
100316,3156.337002947752,87.56214629176408,2026-Abr-15
100317,4167.896536426701,62.03007862885924,2026-Abr-15
100318,1866.2688428313522,34.95141745522031,2026-Abr-15
100319,2209.067349631038,165.64125501828366,2026-Abr-15
100320,2106.6405533656985,199.26759600359645,2026-Abr-15
100321,1936.1820104252233,72.61300536953759,2026-Abr-15
100322,4635.093676069785,82.50799839355474,2026-Abr-15
100323,4161.75646684576,127.42712968862185,2026-Abr-15
100324,634.0999503285828,146.50388019975284,2026-Abr-15
100325,629.8044271377705,84.48561161268233,2026-Abr-15
100326,2196.560622779657,181.9366082265449,2026-Abr-15
100327,583.4211459907644,116.40075795349449,2026-Abr-15
100328,3133.5561668284863,95.57411451712689,2026-Abr-15
100329,804.0888755824961,132.86782310038197,2026-Abr-15
100330,2659.6289934373253,191.03273116734292,2026-Abr-15
100331,135.37774031821698,160.96493594012404,2026-Abr-15
100332,1651.322107221969,17.602494801673625,2026-Abr-15
100333,3418.2345459960115,73.13888304059233,2026-Abr-15
100334,2471.7908071164575,99.40349014073232,2026-Abr-15
100335,4893.520481395041,69.75833871973,2026-Abr-15
100336,4383.108600724433,143.03563655778675,2026-Abr-15
100337,1859.446817311441,166.9911384738904,2026-Abr-15
100338,322.8840532141455,148.9555680852016,2026-Abr-15
100339,4243.568870563592,197.9733244973723,2026-Abr-15
100340,4565.04812054189,61.78405309967553,2026-Abr-15
100341,4121.074227753281,176.2480040546401,2026-Abr-15
100342,726.9547105068478,155.65830638315236,2026-Abr-15
100343,4989.78415862021,78.81396393604776,2026-Abr-15
100344,1367.0626856085917,149.48366329482405,2026-Abr-15
100345,3648.6040727610134,29.77443171946692,2026-Abr-15
100346,4549.370894045036,159.97336164470494,2026-Abr-15
100347,1254.8668602204762,111.1428144915495,2026-Abr-15
100348,4550.4669179176235,65.5351328147581,2026-Abr-15
100349,1616.459738054848,134.59768733899423,2026-Abr-15
100350,4884.424789681875,131.9077997557377,2026-Abr-15
100351,1478.1740998643256,49.80238231672394,2026-Abr-15
100352,4771.835541313392,15.775508814189966,2026-Abr-15
100353,362.36878937410705,92.38829151131803,2026-Abr-15
100354,3575.432857182084,118.20725517544003,2026-Abr-15
100355,2707.344555801318,176.5550028904137,2026-Abr-15
100356,2441.59767790138,186.36119117304293,2026-Abr-15
100357,1195.1221398536159,110.47299144978561,2026-Abr-15
100358,3557.4193699048105,153.22266191602353,2026-Abr-15
100359,1034.966508086905,93.46762174231942,2026-Abr-15
100360,2808.9248003253642,151.75560974884968,2026-Abr-15
100361,1340.9022788972288,48.912289738441714,2026-Abr-15
100362,4782.544760928645,80.50229961267097,2026-Abr-15
100363,240.29284979469884,130.50331977458683,2026-Abr-15
100364,1078.668572545059,13.450013465344977,2026-Abr-15
100365,1287.321971298494,147.26764896440125,2026-Abr-15
100366,2128.9323462623006,168.7517452409517,2026-Abr-15
100367,1240.3781851632623,85.83691560785077,2026-Abr-15
100368,2507.610542317048,95.10905926366122,2026-Abr-15
100369,4375.081063966841,171.7436203211409,2026-Abr-15
100370,3589.110764904937,157.37438071194634,2026-Abr-15
100371,2941.813704622044,64.74840291634125,2026-Abr-15
100372,536.1155721151304,71.5554602466924,2026-Abr-15
100373,3500.5613311074503,138.98686415421335,2026-Abr-15
100374,915.4299931236053,117.00763756515063,2026-Abr-15
100375,3953.20019121232,40.82361850833442,2026-Abr-15
100376,1325.2781166997506,68.88668275354162,2026-Abr-15
100377,2143.538768772414,180.99682260694428,2026-Abr-15
100378,1817.3039913578468,140.75314297723006,2026-Abr-15
100379,4308.1881819067985,197.3351203602487,2026-Abr-15
100380,720.0678476956999,155.73238069634618,2026-Abr-15
100381,2871.659923685464,188.97514210728215,2026-Abr-15
100382,796.1018862710049,51.07582903539033,2026-Abr-15
100383,3553.499597047715,156.58212621521588,2026-Abr-15
100384,4534.8828261929575,13.841328828081512,2026-Abr-15
100385,2229.5775039495416,137.44440412519145,2026-Abr-15
100386,2491.652075298382,99.16363284284586,2026-Abr-15
100387,4644.371898765535,75.88441366481304,2026-Abr-15
100388,2652.8578043818497,173.85682693568694,2026-Abr-15
100389,2489.2323464428487,172.31086160493084,2026-Abr-15
100390,2933.8126032510904,14.237323930742281,2026-Abr-15
100391,3477.2257081784646,125.80597326539188,2026-Abr-15
100392,623.7285379264538,79.88812262098172,2026-Abr-15
100393,4123.4415859334285,88.97559028508535,2026-Abr-15
100394,2233.9746345209705,168.08774045156744,2026-Abr-15
100395,454.50769849767914,68.86955659025887,2026-Abr-15
100396,3952.2950790712443,189.17927402114782,2026-Abr-15
100397,1947.0548612627333,44.13042701070675,2026-Abr-15
100398,591.8007259657643,135.9172604399538,2026-Abr-15
100399,3205.5172937619277,137.6999627326153,2026-Abr-15
100400,4412.643631824844,57.91708067130446,2026-Abr-15
100401,4449.992196128533,71.70261570376837,2026-Abr-15
100402,4792.551026563969,168.61171359018869,2026-Abr-15
100403,4351.7567528567715,154.74299844144096,2026-Abr-15
100404,110.49050479282859,72.52821725980431,2026-Abr-15
100405,1963.181715425612,111.45174391763744,2026-Abr-15
100406,4110.858641536965,21.719256288088136,2026-Abr-15
100407,1894.6397293925236,49.66171765573955,2026-Abr-15
100408,3047.58768126056,102.30590618347583,2026-Abr-15
100409,3070.953042135207,26.335009703050204,2026-Abr-15
100410,1888.623989790233,170.23314742946812,2026-Abr-15
100411,4531.922243678309,146.42117992045308,2026-Abr-15
100412,2565.818892391976,189.29039742321402,2026-Abr-15
100413,2377.442609093754,141.75871213316515,2026-Abr-15
100414,4987.8173537432895,188.67626072981525,2026-Abr-15
100415,2518.1517839558214,115.35738558128335,2026-Abr-15
100416,974.1514344500472,124.04153610177418,2026-Abr-15
100417,2614.0401720308464,195.62450037898958,2026-Abr-15
100418,4088.6820040476573,132.00453790420949,2026-Abr-15
100419,3906.615601801579,15.849448083541855,2026-Abr-15
100420,3964.050649031508,147.5225275597994,2026-Abr-15
100421,3569.316541589768,182.03905150610896,2026-Abr-15
100422,1345.6673624267723,161.16024746092205,2026-Abr-15
100423,4324.212020617134,120.9283217988303,2026-Abr-15
100424,4477.872980343699,137.54766748776808,2026-Abr-15
100425,1051.3482134308904,198.13643995781763,2026-Abr-15
100426,739.2326191018302,27.22579681677428,2026-Abr-15
100427,4880.464346086649,136.7765174403155,2026-Abr-15
100428,4354.787421886803,63.845561968412824,2026-Abr-15
100429,4476.857121328739,131.6171753513723,2026-Abr-15
100430,4443.244284659536,125.44847941794836,2026-Abr-15
100431,2754.265437765269,39.156798100550795,2026-Abr-15
100432,3267.3685096624185,49.28186269064544,2026-Abr-15
100433,2772.277975454844,128.10961982821055,2026-Abr-15
100434,350.91111103261244,34.36368998771708,2026-Abr-15
100435,3752.965118228586,60.38436627476134,2026-Abr-15
100436,2576.1269633458132,168.69665407022046,2026-Abr-15
100437,3273.774466472126,72.14738614031134,2026-Abr-15
100438,2562.9350443801227,102.73142969123596,2026-Abr-15
100439,2509.875479380034,188.81666367770964,2026-Abr-15
100440,941.7666364410575,53.158326879019796,2026-Abr-15
100441,1465.69720419163,84.02894329802197,2026-Abr-15
100442,878.3781905253834,125.22697735327367,2026-Abr-15
100443,1058.764848564178,153.5143966057547,2026-Abr-15
100444,4867.589164059494,181.31414347541397,2026-Abr-15
100445,850.2558842837723,183.93986763896788,2026-Abr-15
100446,1419.4250790955175,157.56161413079835,2026-Abr-15
100447,2993.889322919066,53.38285895272898,2026-Abr-15
100448,3089.875023559545,14.713772708087502,2026-Abr-15
100449,854.4732357447624,82.91704676756852,2026-Abr-15
100450,3989.2153863475405,36.89428168768643,2026-Abr-15
100451,3947.4940527728427,144.97365301327665,2026-Abr-15
100452,1262.8567505990663,135.6148114968862,2026-Abr-15
100453,1514.464883109756,18.35461190807642,2026-Abr-15
100454,4696.140540751535,168.95281803488072,2026-Abr-15
100455,4145.790085299443,57.26122059532463,2026-Abr-15
100456,3519.205462006367,92.12314434329802,2026-Abr-15
100457,502.9427854019426,136.90740973659106,2026-Abr-15
100458,2149.493996422621,91.58956950192812,2026-Abr-15
100459,2840.5791731764525,93.84468253198925,2026-Abr-15
100460,1018.315311120507,22.46931911379067,2026-Abr-15
100461,2296.3102523303,86.27427435940072,2026-Abr-15
100462,3045.026799694581,155.32109971179685,2026-Abr-15
100463,1704.1457325654562,183.88350406545356,2026-Abr-15
100464,3926.629612857387,88.56445604204063,2026-Abr-15
100465,4218.202950030147,90.48130710702499,2026-Abr-15
100466,1685.6864002269467,143.4991502014939,2026-Abr-15
100467,4209.42005701304,189.12668021000255,2026-Abr-15
100468,607.5251739047736,60.74157864547844,2026-Abr-15
100469,4204.872583251016,93.627399242208,2026-Abr-15
100470,848.4771151713213,161.2349162749372,2026-Abr-15
100471,506.3430472976576,125.84177818106731,2026-Abr-15
100472,3244.6994817609548,31.011405353151396,2026-Abr-15
100473,2412.493092200942,129.26921975683047,2026-Abr-15
100474,4548.66394202288,45.48179407349211,2026-Abr-15
100475,1879.6270608451612,106.94102747489679,2026-Abr-15
100476,1507.0460908443806,110.52962085548332,2026-Abr-15
100477,2553.601040106572,176.47863882274712,2026-Abr-15
100478,2334.1363102664404,97.87391206236325,2026-Abr-15
100479,1787.6974264642224,63.0940602248199,2026-Abr-15
100480,3499.33236362181,53.883606161045996,2026-Abr-15
100481,3821.852986178151,176.10785657002387,2026-Abr-15
100482,4279.62144824767,42.492062339463395,2026-Abr-15
100483,4866.99736308068,90.91502656779731,2026-Abr-15
100484,1406.615341449272,45.56289183611993,2026-Abr-15
100485,3608.8580642008114,156.92776762173133,2026-Abr-15
100486,2031.8653539291518,100.1308015951776,2026-Abr-15
100487,3417.7016625604297,76.71730120579429,2026-Abr-15
100488,2432.3102827111798,78.6089317190287,2026-Abr-15
100489,4969.488203562865,171.92069927736608,2026-Abr-15
100490,3671.6204653746745,115.21705131594324,2026-Abr-15
100491,4767.20737212819,146.3948917149401,2026-Abr-15
100492,4191.35079245781,180.43731808763008,2026-Abr-15
100493,4524.214954700518,181.33091844772198,2026-Abr-15
100494,4090.654066351907,72.41672032419399,2026-Abr-15
100495,2349.8797388419657,190.96573999781322,2026-Abr-15
100496,1333.7634213997335,14.726417582775035,2026-Abr-15
100497,1914.5688597075589,81.59875659307147,2026-Abr-15
100498,199.1575399357572,180.2017829266799,2026-Abr-15
100499,2667.566520576869,62.18100716522676,2026-Abr-15
100500,2574.7832213250026,61.88547556105049,2026-Abr-15
100501,2673.727277669392,67.49823416555886,2026-Abr-15
100502,4872.7530023631125,126.33954312091522,2026-Abr-15
100503,4566.124616928712,93.28322736672722,2026-Abr-15
100504,892.3926138175292,148.07961890713509,2026-Abr-15
100505,1907.524355623857,180.0330220872865,2026-Abr-15
100506,2177.3852793699834,138.09788123914353,2026-Abr-15
100507,1866.611297473074,48.848676837539344,2026-Abr-15
100508,4012.630221659174,187.2095614484954,2026-Abr-15
100509,2667.784582351176,60.25364593602092,2026-Abr-15
100510,2903.289103160963,38.47991611235004,2026-Abr-15
100511,4279.766439040835,27.09378298358257,2026-Abr-15
100512,4049.0479517352574,117.04291072657146,2026-Abr-15
100513,747.8364618194685,31.614867871323842,2026-Abr-15
100514,3598.181462009808,36.36741798139984,2026-Abr-15
100515,2233.637031619974,67.00579131314436,2026-Abr-15
100516,1543.7796250062522,63.514071840048125,2026-Abr-15
100517,345.0922224207131,124.80550696310704,2026-Abr-15
100518,2487.52284569271,165.18160309980948,2026-Abr-15
100519,1841.6397355502038,154.65643467854954,2026-Abr-15
100520,1332.413894414364,59.87204639613058,2026-Abr-15
100521,3503.891475025092,56.60899461733619,2026-Abr-15
100522,3870.4783978463765,193.50039072032385,2026-Abr-15
100523,1299.4686432441815,11.564885902472424,2026-Abr-15
100524,342.2924397288016,177.146901281441,2026-Abr-15
100525,4258.888232769651,47.94841863325694,2026-Abr-15
100526,148.80273190108625,189.9840213870559,2026-Abr-15
100527,4691.851220215212,75.03838411722874,2026-Abr-15
100528,3175.337382515259,93.66683703971793,2026-Abr-15
100529,1677.0485124864695,144.3529166494324,2026-Abr-15
100530,1307.7417569260074,121.65711977991946,2026-Abr-15
100531,144.1277548959287,70.40847264429632,2026-Abr-15
100532,1253.809943353298,115.22787401488647,2026-Abr-15
100533,774.8686774339914,148.83430802894839,2026-Abr-15
100534,3099.6144815434136,18.043639721473497,2026-Abr-15
100535,916.0733841096264,12.127867998583781,2026-Abr-15
100536,2690.2862039294346,97.03271842384935,2026-Abr-15
100537,2991.570469487907,35.048957382667695,2026-Abr-15
100538,1560.404321899881,136.22541537829574,2026-Abr-15
100539,271.81825019172163,50.66996668321249,2026-Abr-15
100540,282.5440150095609,92.24171029117748,2026-Abr-15
100541,229.10192775019627,47.557478006111104,2026-Abr-15
100542,3721.7108689690767,114.21188129233366,2026-Abr-15
100543,1658.2475535900608,32.05015728306809,2026-Abr-15
100544,4001.8709112415518,14.39030202962125,2026-Abr-15
100545,2215.4908368299607,19.715011240272467,2026-Abr-15
100546,2319.6906940668227,191.3091038879089,2026-Abr-15
100547,2613.1247522969115,37.0343815360778,2026-Abr-15
100548,3593.8541362380092,144.61086809599868,2026-Abr-15
100549,1440.1640425655646,22.90597880233699,2026-Abr-15
100550,695.7780127142818,30.550466924684613,2026-Abr-15
100551,2824.6809424381613,106.68648776777358,2026-Abr-15
100552,1702.1903538894223,98.3254767293253,2026-Abr-15
100553,2268.207436973383,190.8002587935752,2026-Abr-15
100554,3270.038870852796,189.5187360739401,2026-Abr-15
100555,2521.216131592226,158.12564208306836,2026-Abr-15
100556,3139.36620379413,124.39934772419645,2026-Abr-15
100557,2766.5800103567763,96.4424603046721,2026-Abr-15
100558,3725.002222486886,77.67392152240001,2026-Abr-15
100559,3559.089426786938,189.94663392535554,2026-Abr-15
100560,2717.530469862234,124.55267417069025,2026-Abr-15
100561,3426.6248022125637,120.02378026033895,2026-Abr-15
100562,4380.442051135802,54.061213136093826,2026-Abr-15
100563,2218.1293101620263,18.87258539817148,2026-Abr-15
100564,2122.539056469089,189.58583015431344,2026-Abr-15
100565,3844.8035421766626,69.60969918048424,2026-Abr-15
100566,2954.513801505771,94.09191443164715,2026-Abr-15
100567,447.9332230906839,31.781589281284297,2026-Abr-15
100568,4471.348876886299,169.01562268276547,2026-Abr-15
100569,250.83720096443668,15.25004824262682,2026-Abr-15
100570,3767.142145427741,168.45824479882833,2026-Abr-15
100571,3818.091299251133,36.65415242971369,2026-Abr-15
100572,4770.244317881459,178.4471813999189,2026-Abr-15
100573,365.2586011713717,148.65680109386992,2026-Abr-15
100574,3024.5986178440057,41.287349876387964,2026-Abr-15
100575,2196.4187960725594,117.50541864329894,2026-Abr-15
100576,1720.101478811756,69.4046997274917,2026-Abr-15
100577,542.560945465458,43.864288793200856,2026-Abr-15
100578,2857.005186389415,173.2446178881106,2026-Abr-15
100579,2447.299555805607,86.66932563637359,2026-Abr-15
100580,612.3168449400189,85.72330572942268,2026-Abr-15
100581,3101.1985847757087,42.2784682132578,2026-Abr-15
100582,3715.9702892393984,82.78247845629795,2026-Abr-15
100583,3859.6636751628766,175.60720080248154,2026-Abr-15
100584,4536.328622485894,78.99445499303083,2026-Abr-15
100585,2106.406635255008,190.80467687495974,2026-Abr-15
100586,4770.056566248471,189.7986908495936,2026-Abr-15
100587,4340.6040849051615,37.53074526839575,2026-Abr-15
100588,1552.8576980173013,43.689138169302524,2026-Abr-15
100589,880.4868830123465,173.90807336305895,2026-Abr-15
100590,2233.408041027266,84.62457459569664,2026-Abr-15
100591,2069.3036689842365,10.831056633771773,2026-Abr-15
100592,2921.024596122901,62.03564574402049,2026-Abr-15
100593,2958.592538405965,123.54950870715639,2026-Abr-15
100594,3774.936223461879,161.86053353239393,2026-Abr-15
100595,2598.46074620749,35.343837247719314,2026-Abr-15
100596,613.6309406097512,31.002859239179717,2026-Abr-15
100597,4305.62754421022,185.197604178743,2026-Abr-15
100598,1617.8464576074166,152.7181898862907,2026-Abr-15
100599,4859.357555502301,122.0581241478349,2026-Abr-15
100600,677.5145325308737,156.14549009922632,2026-Abr-15
100601,4795.430743939266,91.4823286482613,2026-Abr-15
100602,545.9578537243332,154.10659198873404,2026-Abr-15
100603,1232.0770759405914,80.6425683421618,2026-Abr-15
100604,328.2417162240538,56.377968773594446,2026-Abr-15
100605,3555.054418531075,148.51255004566406,2026-Abr-15
100606,4266.463809201779,89.73773550988098,2026-Abr-15
100607,2226.948300898304,196.46164982197703,2026-Abr-15
100608,4649.758167707905,76.40218463853918,2026-Abr-15
100609,2992.465451602438,185.12820990090253,2026-Abr-15
100610,3187.0349636879637,187.2628842277451,2026-Abr-15
100611,4242.554088333773,55.952059942301766,2026-Abr-15
100612,1554.3210047540106,161.66202450172253,2026-Abr-15
100613,1835.9020345053664,92.28415597746738,2026-Abr-15
100614,4539.164404053758,184.32969817376613,2026-Abr-15
100615,4514.721130589943,95.52361180069538,2026-Abr-15
100616,4884.765603384268,151.41770629409956,2026-Abr-15
100617,4519.007750564188,98.72380774112159,2026-Abr-15
100618,724.1229765634683,53.282143585442675,2026-Abr-15
100619,4136.249002071238,47.876524499490394,2026-Abr-15
100620,2108.208542737011,90.83192690870565,2026-Abr-15
100621,4954.926644135096,153.54398483270083,2026-Abr-15
100622,2414.1767252111254,124.9635821843457,2026-Abr-15
100623,2813.796804260881,140.83956508110322,2026-Abr-15
100624,2695.8970847583128,63.642006639069066,2026-Abr-15
100625,1676.511446305561,101.47271573194504,2026-Abr-15
100626,467.60823557529903,18.435100344172128,2026-Abr-15
100627,4488.691028969401,165.33115903204293,2026-Abr-15
100628,4033.1114813788054,198.0795108255762,2026-Abr-15
100629,783.6812247423794,87.30702189868747,2026-Abr-15
100630,3906.164529615357,12.083094094993236,2026-Abr-15
100631,3166.648663647989,42.26060151468,2026-Abr-15
100632,2104.8045607963495,133.98010677257957,2026-Abr-15
100633,1344.7036305682573,126.29507045873325,2026-Abr-15
100634,4312.6710391609395,159.69429672125335,2026-Abr-15
100635,3530.92247054086,58.23796208260295,2026-Abr-15
100636,2783.925556398771,155.09006395395548,2026-Abr-15
100637,3086.885816102474,140.71696408949725,2026-Abr-15
100638,546.2242922026868,71.33475456563022,2026-Abr-15
100639,2422.2068284648403,113.64274813082278,2026-Abr-15
100640,1049.1314346499398,37.98202361468208,2026-Abr-15
100641,1121.0800271432445,95.9872556527607,2026-Abr-15
100642,3340.389415205647,177.42749451557177,2026-Abr-15
100643,4565.155143988011,90.02636216682426,2026-Abr-15
100644,2078.407391343898,169.5176742303302,2026-Abr-15
100645,1117.971437759733,122.14813939934194,2026-Abr-15
100646,3278.8599924596056,46.456575489447786,2026-Abr-15
100647,4368.816527116557,120.41018649260032,2026-Abr-15
100648,3766.762125500205,106.13683253984206,2026-Abr-15
100649,4356.910429629277,85.74185368731295,2026-Abr-15
100650,2729.1178879529166,32.72978350805336,2026-Abr-15
100651,3784.193597409035,89.17464613097367,2026-Abr-15
100652,786.3163408587887,23.82485148552915,2026-Abr-15
100653,1806.5456152796382,28.76611976576274,2026-Abr-15
100654,2008.79090595946,89.02414125721604,2026-Abr-15
100655,2605.3491566055695,68.02248157400811,2026-Abr-15
100656,4652.474165258436,185.85342191382244,2026-Abr-15
100657,4384.053145088654,81.38410302225141,2026-Abr-15
100658,759.1749122170042,153.99304319369904,2026-Abr-15
100659,946.6692942240697,110.74703000958611,2026-Abr-15
100660,1852.4386929856655,143.77627704204374,2026-Abr-15
100661,1524.6449428643023,59.42203677292584,2026-Abr-15
100662,3112.3776704656852,188.96194483928252,2026-Abr-15
100663,4523.60263404627,110.71681441374055,2026-Abr-15
100664,4815.228554195675,167.95157354419743,2026-Abr-15
100665,3302.6544674226097,79.35868176046156,2026-Abr-15
100666,4206.980086865325,29.04015631959966,2026-Abr-15
100667,2673.490781130906,138.00521306696126,2026-Abr-15
100668,1120.8020396141947,11.474333184110652,2026-Abr-15
100669,2670.973219258039,100.30566554744658,2026-Abr-15
100670,2819.9047470444903,46.632361506627255,2026-Abr-15
100671,3738.042064646427,129.2013458427188,2026-Abr-15
100672,1177.4266495660106,196.08977589619192,2026-Abr-15
100673,1904.7208722249854,98.23655220092273,2026-Abr-15
100674,1883.7345991513748,165.32466873987667,2026-Abr-15
100675,4801.2540191317075,106.478995520713,2026-Abr-15
100676,2275.3303056009227,104.20960590976458,2026-Abr-15
100677,3799.960439760918,186.7804637039678,2026-Abr-15
100678,3778.9757687347515,179.09351506186948,2026-Abr-15
100679,1401.1665055358828,159.30208838571514,2026-Abr-15
100680,2902.1614779214874,66.28859313018899,2026-Abr-15
100681,4482.084177261376,113.5515989875487,2026-Abr-15
100682,2428.4688253390523,52.54047432808015,2026-Abr-15
100683,4731.075785978475,94.34417262884256,2026-Abr-15
100684,1150.8453236883918,102.00048249436021,2026-Abr-15
100685,463.3796182927506,168.01160763217288,2026-Abr-15
100686,4468.123978409271,180.24538941174868,2026-Abr-15
100687,4253.637870014862,88.7778118553308,2026-Abr-15
100688,4963.69039207584,13.36384456391507,2026-Abr-15
100689,3429.0280917508876,173.73702955997737,2026-Abr-15
100690,4689.770840669033,43.112948915258535,2026-Abr-15
100691,4152.050222912143,128.15757313917476,2026-Abr-15
100692,4237.689032288426,14.744471082484926,2026-Abr-15
100693,2888.7936952259147,85.90623029950721,2026-Abr-15
100694,1973.586529791883,197.33245740191646,2026-Abr-15
100695,4679.334555462081,29.13178420972259,2026-Abr-15
100696,2217.374160517883,90.50169887993204,2026-Abr-15
100697,2740.2148995233783,68.35849053609091,2026-Abr-15
100698,2285.96010491342,181.9667434437702,2026-Abr-15
100699,2867.609738404966,175.1746205023975,2026-Abr-15
100700,2405.474887062403,55.162764458183474,2026-Abr-15
100701,335.0410370394318,25.42567953958192,2026-Abr-15
100702,4422.036111437723,129.15629487161232,2026-Abr-15
100703,2277.529712687272,73.91005525790484,2026-Abr-15
100704,2985.8238776860085,137.696034215152,2026-Abr-15
100705,782.0202335141365,16.10275365288475,2026-Abr-15
100706,116.60045511493176,35.34585468372299,2026-Abr-15
100707,1301.9214588538505,140.41072422680224,2026-Abr-15
100708,3552.471557453416,50.35042450747458,2026-Abr-15
100709,586.0531975531051,172.9416583948563,2026-Abr-15
100710,4553.548457893692,21.132268664925732,2026-Abr-15
100711,1153.6105898453045,50.941576729259175,2026-Abr-15
100712,1102.5087100297014,199.72644721216304,2026-Abr-15
100713,989.389011945328,92.2844594914906,2026-Abr-15
100714,168.51039355968726,143.56347607348226,2026-Abr-15
100715,3881.84679554335,44.7059792828326,2026-Abr-15
100716,4387.6692031017665,125.87505964725217,2026-Abr-15
100717,3109.3972428193747,147.9601529901895,2026-Abr-15
100718,1022.1799102313253,69.750560814637,2026-Abr-15
100719,1497.8621850103107,167.49045127541677,2026-Abr-15
100720,2432.04081708832,124.64933990973383,2026-Abr-15
100721,4776.295162954174,83.93337182685573,2026-Abr-15
100722,1312.0217219069398,115.95205473520012,2026-Abr-15
100723,3685.0649292074513,119.58456101282562,2026-Abr-15
100724,2253.2962941353094,41.45170561183454,2026-Abr-15
100725,1559.4520069641069,86.51915027472357,2026-Abr-15
100726,2333.9880914083574,75.2518117237037,2026-Abr-15
100727,448.91291595203944,86.17151729003395,2026-Abr-15
100728,4013.568117558776,154.611011812199,2026-Abr-15
100729,1292.179447116539,101.6822974186678,2026-Abr-15
100730,3654.519403645555,188.66006911546023,2026-Abr-15
100731,434.90702009615416,65.79851853810288,2026-Abr-15
100732,4779.982925211862,88.98367987413651,2026-Abr-15
100733,1045.7734284879232,159.52179399101786,2026-Abr-15
100734,4425.436173414694,113.74467273094255,2026-Abr-15
100735,4066.418727115629,113.93534782064508,2026-Abr-15
100736,4842.513627998938,20.13463097098487,2026-Abr-15
100737,2441.664238634173,85.73393591650661,2026-Abr-15
100738,3664.2467398451627,61.43940916012917,2026-Abr-15
100739,1916.482219485142,199.87367333791192,2026-Abr-15
100740,1003.4043662964997,68.58746342013896,2026-Abr-15
100741,2271.0720713738992,178.05434161083406,2026-Abr-15
100742,912.1701754034289,138.48440965769072,2026-Abr-15
100743,4912.018651653281,74.77411774649718,2026-Abr-15
100744,571.6078065895102,113.2715318910835,2026-Abr-15
100745,2987.13744491784,169.70181719034682,2026-Abr-15
100746,3169.6728907448737,177.83997662587325,2026-Abr-15
100747,2736.5897600828657,40.47483625116759,2026-Abr-15
100748,3344.7108399879844,74.51889682955223,2026-Abr-15
100749,669.2857975582656,73.69240424057861,2026-Abr-15
100750,2819.5907686059263,17.98851125442949,2026-Abr-15
100751,1507.3415985240715,123.66517437186035,2026-Abr-15
100752,4706.862710175177,172.41581006851573,2026-Abr-15
100753,3834.151101854656,82.49913368684838,2026-Abr-15
100754,4865.320962582739,150.60682954699362,2026-Abr-15
100755,284.02474172692877,129.2630785841406,2026-Abr-15
100756,1497.1525583854725,81.37325974367016,2026-Abr-15
100757,1057.5706745279101,36.801361903536446,2026-Abr-15
100758,154.65747782796944,144.77153202743378,2026-Abr-15
100759,1287.396078206975,172.3673820988357,2026-Abr-15
100760,3426.0023192501017,140.31235355628345,2026-Abr-15
100761,1232.3357184593858,13.396911966615432,2026-Abr-15
100762,2594.116882864829,51.08424993428834,2026-Abr-15
100763,4450.308763328493,23.201197127871062,2026-Abr-15
100764,3499.4138097104687,118.37335891948308,2026-Abr-15
100765,2033.6824425395566,153.73075897967834,2026-Abr-15
100766,1925.0978006693306,31.010045543045294,2026-Abr-15
100767,2333.105488641575,169.2841859127432,2026-Abr-15
100768,967.5030611935413,115.54670589514181,2026-Abr-15
100769,3206.6037603383415,141.09411230692774,2026-Abr-15
100770,1884.348813612567,194.56635123564277,2026-Abr-15
100771,4276.590211384014,25.899387767062493,2026-Abr-15
100772,3807.1080342832997,181.23256436577995,2026-Abr-15
100773,3091.5145040515845,33.95951223760777,2026-Abr-15
100774,1884.5908909826287,84.66217326096962,2026-Abr-15
100775,1128.6659752000735,171.77335230291172,2026-Abr-15
100776,3903.144134117552,182.18830498019497,2026-Abr-15
100777,2483.404585056324,106.21061797357761,2026-Abr-15
100778,1201.2751870690518,122.87988127233078,2026-Abr-15
100779,1056.3556136960306,144.54799357372588,2026-Abr-15
100780,910.4644320566592,168.2241470060157,2026-Abr-15
100781,3908.0898614074154,33.08712221215657,2026-Abr-15
100782,1222.0372079715273,163.91316856355326,2026-Abr-15
100783,2680.5470912734677,101.44246859720718,2026-Abr-15
100784,2312.5771687679767,95.61845077055212,2026-Abr-15
100785,2940.093406218591,90.54095287942967,2026-Abr-15
100786,4398.059011818852,106.7502011967481,2026-Abr-15
100787,4351.96221140048,189.55960514497468,2026-Abr-15
100788,2310.272751941812,114.15871683050881,2026-Abr-15
100789,175.29462860014422,191.10373226999644,2026-Abr-15
100790,2189.5746480000857,44.25512481697171,2026-Abr-15
100791,3070.348333378288,147.5858359782003,2026-Abr-15
100792,2833.0473195805025,164.32551233566195,2026-Abr-15
100793,3291.546918421007,139.03447795362376,2026-Abr-15
100794,854.971089118109,125.31523324304267,2026-Abr-15
100795,3268.0219840255895,117.31442840637463,2026-Abr-15
100796,994.9929318444839,173.57679168995224,2026-Abr-15
100797,3777.56750541407,166.112853461255,2026-Abr-15
100798,1761.529304987132,33.23485702431391,2026-Abr-15
100799,3578.487623569122,171.23165483586683,2026-Abr-15
